id	track	text	acceptable_outputs	identity	wetext	tn	qwen
zhp1_calendar_01	core_tn	会议定在2026年9月28日，地点还是上次那间教室。	"[""会议定在二零二六年九月二十八日，地点还是上次那间教室。"", ""会议定在二〇二六年九月二十八日，地点还是上次那间教室。""]"	会议定在2026年9月28日，地点还是上次那间教室。	会议定在二零二六年九月二十八日,地点还是上次那间教室.	会议定在二零二六年九月二十八日，地点还是上次那间教室。	会议定在2026年9月28日，地点还是上次那间教室。
zhp1_calendar_02	core_tn	这张照片拍摄于2024年2月29日。	"[""这张照片拍摄于二零二四年二月二十九日。"", ""这张照片拍摄于二〇二四年二月二十九日。""]"	这张照片拍摄于2024年2月29日。	这张照片拍摄于二零二四年二月二十九日.	这张照片拍摄于二零二四年二月二十九日。	这张照片拍摄于2024年2月29日。
zhp1_calendar_03	core_tn	图书馆将于10月1日恢复开放。	"[""图书馆将于十月一日恢复开放。""]"	图书馆将于10月1日恢复开放。	图书馆将于十月一日恢复开放.	图书馆将于十月一日恢复开放。	图书馆将于10月1日恢复开放。
zhp1_calendar_04	core_tn	他的生日是12月31日，总在年底庆祝。	"[""他的生日是十二月三十一日，总在年底庆祝。""]"	他的生日是12月31日，总在年底庆祝。	他的生日是十二月三十一日,总在年底庆祝.	他的生日是十二月三十一日，总在年底庆祝。	他的生日是12月31日，总在年底庆祝。
zhp1_clock_duration_01	core_tn	明天上午9:30开会，记得提前到。	"[""明天上午九点三十分开会，记得提前到。"", ""明天上午九点半开会，记得提前到。""]"	明天上午9:30开会，记得提前到。	明天上午九点三十分开会,记得提前到.	明天上午九点三十分开会，记得提前到。	明天上午9:30开会，记得提前到。
zhp1_clock_duration_02	core_tn	火车将于下午2:15发车。	"[""火车将于下午两点十五分发车。"", ""火车将于下午二点十五分发车。"", ""火车将于下午两点一刻发车。"", ""火车将于下午二点一刻发车。""]"	火车将于下午2:15发车。	火车将于下午两点十五分发车.	火车将于下午两点十五分发车。	火车将于下午2:15发车。
zhp1_clock_duration_03	core_tn	闹钟设在早上7:05，别忘了打开。	"[""闹钟设在早上七点零五分，别忘了打开。"", ""闹钟设在早上七点五分，别忘了打开。""]"	闹钟设在早上7:05，别忘了打开。	闹钟设在早上七点零五分,别忘了打开.	闹钟设在早上七点零五分，别忘了打开。	闹钟设在早上7:05，别忘了打开。
zhp1_clock_duration_04	core_tn	我已经在门口等了45分钟。	"[""我已经在门口等了四十五分钟。""]"	我已经在门口等了45分钟。	我已经在门口等了四十五分钟.	我已经在门口等了四十五分钟。	我已经在门口等了45分钟。
zhp1_money_01	core_tn	这杯豆浆卖12.5元，已经含了包装费。	"[""这杯豆浆卖十二点五元，已经含了包装费。"", ""这杯豆浆卖十二元五角，已经含了包装费。""]"	这杯豆浆卖12.5元，已经含了包装费。	这杯豆浆卖十二点五元,已经含了包装费.	这杯豆浆卖十二点五元，已经含了包装费。	这杯豆浆卖12.5元，已含包装费。
zhp1_money_02	core_tn	我付了20元，不用找了。	"[""我付了二十元，不用找了。""]"	我付了20元，不用找了。	我付了二十元,不用找了.	我付了二十元，不用找了。	我付了20元，不用找了。
zhp1_money_03	core_tn	这张明信片的售价是3.50元。	"[""这张明信片的售价是三点五零元。"", ""这张明信片的售价是三点五元。"", ""这张明信片的售价是三元五角。""]"	这张明信片的售价是3.50元。	这张明信片的售价是三点五零元.	这张明信片的售价是三点五零元。	这张明信片的售价是3.50元。
zhp1_money_04	core_tn	这次活动的场地费是1000元。	"[""这次活动的场地费是一千元。""]"	这次活动的场地费是1000元。	这次活动的场地费是一千元.	这次活动的场地费是一千元。	这次活动的场地费是1000元。
zhp1_measurement_01	core_tn	这块木板长1.75米，正好能放进车里。	"[""这块木板长一点七五米，正好能放进车里。""]"	这块木板长1.75米，正好能放进车里。	这块木板长一点七五米,正好能放进车里.	这块木板长一点七五米，正好能放进车里。	这块木板长1.75米，正好能放进车里。
zhp1_measurement_02	core_tn	袋子里装了2公斤大米。	"[""袋子里装了两公斤大米。"", ""袋子里装了二公斤大米。""]"	袋子里装了2公斤大米。	袋子里装了二公斤大米.	袋子里装了二公斤大米。	2公斤
zhp1_measurement_03	core_tn	量杯里还剩250毫升水。	"[""量杯里还剩二百五十毫升水。"", ""量杯里还剩两百五十毫升水。""]"	量杯里还剩250毫升水。	量杯里还剩两百五十毫升水.	量杯里还剩二百五十毫升水。	量杯里还剩250毫升水。
zhp1_measurement_04	core_tn	明天清晨的气温可能降到负3摄氏度。	"[""明天清晨的气温可能降到负三摄氏度。""]"	明天清晨的气温可能降到负3摄氏度。	明天清晨的气温可能降到负三摄氏度.	明天清晨的气温可能降到负3摄氏度。	明天清晨的气温可能降到负3摄氏度。
zhp1_percentage_01	core_tn	目前已经完成了30%的安装工作。	"[""目前已经完成了百分之三十的安装工作。""]"	目前已经完成了30%的安装工作。	目前已经完成了百分之三十的安装工作.	目前已经完成了百分之三十的安装工作。	目前已完成30%的安装工作。
zhp1_percentage_02	core_tn	这批样品的不合格率是2.5%。	"[""这批样品的不合格率是百分之二点五。""]"	这批样品的不合格率是2.5%。	这批样品的不合格率是百分之二点五.	这批样品的不合格率是百分之二点五。	这批样品的不合格率是2.5%。
zhp1_percentage_03	core_tn	两次测量的差异小于0.5%。	"[""两次测量的差异小于百分之零点五。""]"	两次测量的差异小于0.5%。	两次测量的差异小于百分之零点五.	两次测量的差异小于百分之零点五。	两次测量的差异小于 0.5%。
zhp1_percentage_04	core_tn	进度条已经到了100%，可以拔掉数据线了。	"[""进度条已经到了百分之一百，可以拔掉数据线了。""]"	进度条已经到了100%，可以拔掉数据线了。	进度条已经到了百分之一百,可以拔掉数据线了.	进度条已经到了百分之一百，可以拔掉数据线了。	进度条已经到了100%，可以拔掉数据线了。
zhp1_count_ordinal_01	core_tn	桌上还放着3本没看完的书。	"[""桌上还放着三本没看完的书。""]"	桌上还放着3本没看完的书。	桌上还放着三本没看完的书.	桌上还放着三本没看完的书。	桌上还放着3本没看完的书。
zhp1_count_ordinal_02	core_tn	这次培训一共有21名学员参加。	"[""这次培训一共有二十一名学员参加。""]"	这次培训一共有21名学员参加。	这次培训一共有二十一名学员参加.	这次培训一共有二十一名学员参加。	这次培训一共有21名学员参加。
zhp1_count_ordinal_03	core_tn	请翻到第12页，我们从这里继续。	"[""请翻到第十二页，我们从这里继续。""]"	请翻到第12页，我们从这里继续。	请翻到第十二页,我们从这里继续.	请翻到第十二页，我们从这里继续。	请翻到第12页，我们从这里继续。
zhp1_count_ordinal_04	core_tn	会议室里还有4人没有离开。	"[""会议室里还有四人没有离开。""]"	会议室里还有4人没有离开。	会议室里还有四人没有离开.	会议室里还有四人没有离开。	会议室里还有4人没有离开。
zhp1_six_context_01	context_reading	弹幕里一排666，大家都在夸这次操作。	"[""弹幕里一排六六六，大家都在夸这次操作。""]"	弹幕里一排666，大家都在夸这次操作。	弹幕里一排六百六十六,大家都在夸这次操作.	弹幕里一排六六六，大家都在夸这次操作。	弹幕里一排666，大家都在夸这次操作。
zhp1_six_context_02	context_reading	这一手反杀真是666。	"[""这一手反杀真是六六六。""]"	这一手反杀真是666。	这一手反杀真是六百六十六.	这一手反杀真是六六六。	这一手反杀是666。
zhp1_six_context_03	context_reading	这件外套的价格是666元，暂时没有折扣。	"[""这件外套的价格是六百六十六元，暂时没有折扣。""]"	这件外套的价格是666元，暂时没有折扣。	这件外套的价格是六百六十六元,暂时没有折扣.	这件外套的价格是六百六十六元，暂时没有折扣。	这件外套的价格是666元，暂时没有折扣。
zhp1_six_context_04	context_reading	验证码是666，输入后再点确认。	"[""验证码是六六六，输入后再点确认。""]"	验证码是666，输入后再点确认。	验证码是六百六十六,输入后再点确认.	验证码是六六六，输入后再点确认。	验证码是666，输入后再点确认。
zhp1_chat_digit_context_01	context_reading	他在群里回了个233，然后发来一串笑脸。	"[""他在群里回了个二三三，然后发来一串笑脸。""]"	他在群里回了个233，然后发来一串笑脸。	他在群里回了个两百三十三,然后发来一串笑脸.	他在群里回了个二三三，然后发来一串笑脸。	他在群里回了个233，然后发来一串笑脸。
zhp1_chat_digit_context_02	context_reading	这张票一共233元，我已经付过了。	"[""这张票一共二百三十三元，我已经付过了。"", ""这张票一共两百三十三元，我已经付过了。""]"	这张票一共233元，我已经付过了。	这张票一共两百三十三元,我已经付过了.	这张票一共二百三十三元，我已经付过了。	这张票一共233元，我已经付过了。
zhp1_chat_digit_context_03	context_reading	下线前他发了个88，随后就退出了聊天。	"[""下线前他发了个八八，随后就退出了聊天。""]"	下线前他发了个88，随后就退出了聊天。	下线前他发了个八十八,随后就退出了聊天.	下线前他发了个八八，随后就退出了聊天。	下线前他发了个88，随后就退出了聊天。
zhp1_chat_digit_context_04	context_reading	这份套餐是88元，两个人吃刚好。	"[""这份套餐是八十八元，两个人吃刚好。""]"	这份套餐是88元，两个人吃刚好。	这份套餐是八十八元,两个人吃刚好.	这份套餐是八十八元，两个人吃刚好。	这份套餐是88元，两个人吃刚好。
zhp1_yyds_preserve_01	context_reading	这家店的牛肉面真是yyds。	"[""这家店的牛肉面真是yyds。""]"	这家店的牛肉面真是yyds。	这家店的牛肉面真是yyds.	这家店的牛肉面真是yyds。	这家店的牛肉面真是yyds。
zhp1_yyds_preserve_02	context_reading	她把歌单名改成了YYDS。	"[""她把歌单名改成了YYDS。""]"	她把歌单名改成了YYDS。	她把歌单名改成了YYDS.	她把歌单名改成了YYDS。	她把歌单名改成了YYDS。
zhp1_yyds_preserve_03	context_reading	比赛结束后，群里刷起了yyds。	"[""比赛结束后，群里刷起了yyds。""]"	比赛结束后，群里刷起了yyds。	比赛结束后,群里刷起了yyds.	比赛结束后，群里刷起了yyds。	比赛结束后，群里刷起了yyds。
zhp1_yyds_preserve_04	context_reading	我看不懂这句yyds，只好先收藏起来。	"[""我看不懂这句yyds，只好先收藏起来。""]"	我看不懂这句yyds，只好先收藏起来。	我看不懂这句yyds,只好先收藏起来.	我看不懂这句yyds，只好先收藏起来。	我看不懂这句yyds，只好先收藏起来。
zhp1_other_abbreviation_01	context_reading	这只小猫也太可爱了，awsl。	"[""这只小猫也太可爱了，awsl。""]"	这只小猫也太可爱了，awsl。	这只小猫也太可爱了,awsl.	这只小猫也太可爱了，awsl。	这只小猫也太可爱了，awsl。
zhp1_other_abbreviation_02	context_reading	他迟到后只回了句dbq。	"[""他迟到后只回了句dbq。""]"	他迟到后只回了句dbq。	他迟到后只回了句dbq.	他迟到后只回了句dbq。	他迟到后只回了句 dbq。
zhp1_other_abbreviation_03	context_reading	看到结尾我直接xswl。	"[""看到结尾我直接xswl。""]"	看到结尾我直接xswl。	看到结尾我直接xswl.	看到结尾我直接xswl。	看到结尾我直接xswl。
zhp1_other_abbreviation_04	context_reading	u1s1，这个价格确实不便宜。	"[""u1s1，这个价格确实不便宜。""]"	u1s1，这个价格确实不便宜。	u一秒一,这个价格确实不便宜.	u一s一，这个价格确实不便宜。	u1s1，这个价格确实不便宜。
zhp1_digit_identifiers_01	context_reading	取件码是1202，包裹在右边柜子。	"[""取件码是一二零二，包裹在右边柜子。"", ""取件码是幺二零二，包裹在右边柜子。""]"	取件码是1202，包裹在右边柜子。	取件码是一千二百零二,包裹在右边柜子.	取件码是一二零二，包裹在右边柜子。	取件码是1202，包裹在右边柜子。
zhp1_digit_identifiers_02	context_reading	核对一下尾号2038，别转错账户。	"[""核对一下尾号二零三八，别转错账户。""]"	核对一下尾号2038，别转错账户。	核对一下尾号二零三八,别转错账户.	核对一下尾号二零三八，别转错账户。	核对尾号2038，别转错账户。
zhp1_digit_identifiers_03	context_reading	短信中的校验码是1016，有效时间很短。	"[""短信中的校验码是一零一六，有效时间很短。"", ""短信中的校验码是幺零幺六，有效时间很短。"", ""短信中的校验码是一零幺六，有效时间很短。"", ""短信中的校验码是幺零一六，有效时间很短。""]"	短信中的校验码是1016，有效时间很短。	短信中的校验码是一千零一十六,有效时间很短.	短信中的校验码是一零一六，有效时间很短。	短信中的校验码是1016，有效时间很短。
zhp1_digit_identifiers_04	context_reading	订单末四位是2208，麻烦再核对一遍。	"[""订单末四位是二二零八，麻烦再核对一遍。""]"	订单末四位是2208，麻烦再核对一遍。	订单末四位是两千二百零八,麻烦再核对一遍.	订单末四位是二二零八，麻烦再核对一遍。	订单末四位是2208，麻烦再核对一遍。
zhp1_mixed_text_01	context_reading	这局MVP拿到了3次击杀。	"[""这局MVP拿到了三次击杀。""]"	这局MVP拿到了3次击杀。	这局MVP拿到了三次击杀.	这局MVP拿到了三次击杀。	这局MVP拿到了3次击杀。
zhp1_mixed_text_02	context_reading	今晚用WiFi上传2个视频。	"[""今晚用WiFi上传两个视频。"", ""今晚用WiFi上传二个视频。""]"	今晚用WiFi上传2个视频。	今晚用WiFi上传两个视频.	今晚用WiFi上传二个视频。	今晚用WiFi上传2个视频。
zhp1_mixed_text_03	context_reading	我把BGM音量调到了30%。	"[""我把BGM音量调到了百分之三十。""]"	我把BGM音量调到了30%。	我把BGM音量调到了百分之三十.	我把BGM音量调到了百分之三十。	我把BGM音量调到了30%。
zhp1_mixed_text_04	context_reading	这个bug已经复现了2次。	"[""这个bug已经复现了两次。"", ""这个bug已经复现了二次。""]"	这个bug已经复现了2次。	这个bug已经复现了二次.	这个bug已经复现了二次。	这个bug已经复现了2次。
zhp1_ordinary_sentence_01	preservation	今天风很大，出门记得带件外套。	"[""今天风很大，出门记得带件外套。""]"	今天风很大，出门记得带件外套。	今天风很大,出门记得带件外套.	今天风很大，出门记得带件外套。	今天风很大，出门记得带件外套。
zhp1_ordinary_sentence_02	preservation	她想了很久，还是决定先把饭吃完。	"[""她想了很久，还是决定先把饭吃完。""]"	她想了很久，还是决定先把饭吃完。	她想了很久,还是决定先把饭吃完.	她想了很久，还是决定先把饭吃完。	她想了很久，还是决定先把饭吃完。
zhp1_ordinary_sentence_03	preservation	这句话有点绕，我得再读一遍。	"[""这句话有点绕，我得再读一遍。""]"	这句话有点绕，我得再读一遍。	这句话有点绕,我得再读一遍.	这句话有点绕，我得再读一遍。	这句话有点绕，我得再读一遍。
zhp1_ordinary_sentence_04	preservation	别着急，等大家都到齐了再开始。	"[""别着急，等大家都到齐了再开始。""]"	别着急，等大家都到齐了再开始。	别着急,等大家都到齐了再开始.	别着急，等大家都到齐了再开始。	别着急，等大家都到齐了再开始。
zhp1_proper_names_01	preservation	林知夏把借来的书放回了桌上。	"[""林知夏把借来的书放回了桌上。""]"	林知夏把借来的书放回了桌上。	林知夏把借来的书放回了桌上.	林知夏把借来的书放回了桌上。	林知夏把借来的书放回了桌上。
zhp1_proper_names_02	preservation	我们约在听雨书屋门口见面。	"[""我们约在听雨书屋门口见面。""]"	我们约在听雨书屋门口见面。	我们约在听雨书屋门口见面.	我们约在听雨书屋门口见面。	我们约在听雨书屋门口见面。
zhp1_proper_names_03	preservation	青禾工作室今天发来了一份样稿。	"[""青禾工作室今天发来了一份样稿。""]"	青禾工作室今天发来了一份样稿。	青禾工作室今天发来了一份样稿.	青禾工作室今天发来了一份样稿。	青禾工作室今天发来了一份样稿。
zhp1_proper_names_04	preservation	顾南星正在整理上周的访谈记录。	"[""顾南星正在整理上周的访谈记录。""]"	顾南星正在整理上周的访谈记录。	顾南星正在整理上周的访谈记录.	顾南星正在整理上周的访谈记录。	顾南星正在整理上周的访谈记录。
zhp1_literal_quotes_01	preservation	按钮上的文字是“稍后再说”。	"[""按钮上的文字是“稍后再说”。""]"	按钮上的文字是“稍后再说”。	"按钮上的文字是""稍后再说""."	按钮上的文字是“稍后再说”。	稍后再说
zhp1_literal_quotes_02	preservation	店招写着“慢慢来”，旁边画了一只猫。	"[""店招写着“慢慢来”，旁边画了一只猫。""]"	店招写着“慢慢来”，旁边画了一只猫。	"店招写着""慢慢来"",旁边画了一只猫."	店招写着“慢慢来”，旁边画了一只猫。	慢慢来，旁边画了一只猫。
zhp1_literal_quotes_03	preservation	她把“哈哈哈”三个字圈了起来。	"[""她把“哈哈哈”三个字圈了起来。""]"	她把“哈哈哈”三个字圈了起来。	"她把""哈哈哈""三个字圈了起来."	她把“哈哈哈”三个字圈了起来。	她把“哈哈哈”三个字圈了起来。
zhp1_literal_quotes_04	preservation	书签上印着“风从海上来”。	"[""书签上印着“风从海上来”。""]"	书签上印着“风从海上来”。	"书签上印着""风从海上来""."	书签上印着“风从海上来”。	书签上印着“风从海上来”。
zhp1_code_identifiers_01	preservation	日志里的字段名是user_id。	"[""日志里的字段名是user_id。""]"	日志里的字段名是user_id。	日志里的字段名是user_id.	日志里的字段名是user_id。	user_id
zhp1_code_identifiers_02	preservation	配置项enable_cache目前保持默认值。	"[""配置项enable_cache目前保持默认值。""]"	配置项enable_cache目前保持默认值。	配置项enable_cache目前保持默认值.	配置项enable_cache目前保持默认值。	配置项 enable_cache 目前保持默认值。
zhp1_code_identifiers_03	preservation	这次报错指向read_file函数。	"[""这次报错指向read_file函数。""]"	这次报错指向read_file函数。	这次报错指向read_file函数.	这次报错指向read_file函数。	这次报错指向 read_file 函数。
zhp1_code_identifiers_04	preservation	页面上显示了ERR_TIMEOUT错误。	"[""页面上显示了ERR_TIMEOUT错误。""]"	页面上显示了ERR_TIMEOUT错误。	页面上显示了ERR_TIMEOUT错误.	页面上显示了ERR_TIMEOUT错误。	页面上显示了ERR_TIMEOUT错误。
zhp1_product_models_01	preservation	她把iPhone 16放在桌上。	"[""她把iPhone 16放在桌上。""]"	她把iPhone 16放在桌上。	她把iPhone 十六放在桌上.	她把iPhone 16放在桌上。	她把iPhone 16放在桌上。
zhp1_product_models_02	preservation	这台相机是EOS R50。	"[""这台相机是EOS R50。""]"	这台相机是EOS R50。	这台相机是EOS R五十.	这台相机是EOS R五零。	这台相机是EOS R50。
zhp1_product_models_03	preservation	他在比较RTX 4060和RTX 4070。	"[""他在比较RTX 4060和RTX 4070。""]"	他在比较RTX 4060和RTX 4070。	他在比较RTX 四千零六十和RTX 四千零七十.	他在比较RTX四零六零和RTX四零七零。	他在比较 RTX 4060 和 RTX 4070。
zhp1_product_models_04	preservation	工位上放着一台ThinkPad T14。	"[""工位上放着一台ThinkPad T14。""]"	工位上放着一台ThinkPad T14。	工位上放着一台ThinkPad T十四.	工位上放着一台ThinkPad T一四。	工位上放着一台ThinkPad T14。
zhp1_latin_tokens_01	preservation	这份文件已经导出为PDF。	"[""这份文件已经导出为PDF。""]"	这份文件已经导出为PDF。	这份文件已经导出为PDF.	这份文件已经导出为PDF。	这份文件已导出为PDF。
zhp1_latin_tokens_02	preservation	浏览器提示HTTP连接失败。	"[""浏览器提示HTTP连接失败。""]"	浏览器提示HTTP连接失败。	浏览器提示HTTP连接失败.	浏览器提示HTTP连接失败。	浏览器提示 HTTP 连接失败。
zhp1_latin_tokens_03	preservation	会议记录存在README文件里。	"[""会议记录存在README文件里。""]"	会议记录存在README文件里。	会议记录存在README文件里.	会议记录存在README文件里。	会议记录存在README文件里。
zhp1_latin_tokens_04	preservation	她在邮件末尾写了Thank you。	"[""她在邮件末尾写了Thank you。""]"	她在邮件末尾写了Thank you。	她在邮件末尾写了Thank you.	她在邮件末尾写了Thank you。	她在邮件末尾写道：感谢。
